Auto-update on Fri Apr  4 10:44:17 UTC 2025
Auto-update on Sat Apr  5 01:51:25 UTC 2025
Auto-update on Sun Apr  6 01:59:18 UTC 2025
Auto-update on Mon Apr  7 01:56:38 UTC 2025
Auto-update on Tue Apr  8 01:53:52 UTC 2025
Auto-update on Wed Apr  9 01:53:57 UTC 2025
Auto-update on Thu Apr 10 01:54:05 UTC 2025
Auto-update on Fri Apr 11 01:54:45 UTC 2025
Auto-update on Sat Apr 12 01:51:51 UTC 2025
Auto-update on Sun Apr 13 03:20:26 UTC 2025
Auto-update on Mon Apr 14 01:58:38 UTC 2025
Auto-update on Tue Apr 15 01:57:28 UTC 2025
Auto-update on Wed Apr 16 01:57:00 UTC 2025
Auto-update on Thu Apr 17 01:55:25 UTC 2025
Auto-update on Fri Apr 18 01:52:34 UTC 2025
Auto-update on Sat Apr 19 01:50:45 UTC 2025
Auto-update on Sun Apr 20 02:02:25 UTC 2025
Auto-update on Mon Apr 21 02:01:09 UTC 2025
Auto-update on Tue Apr 22 01:56:16 UTC 2025
Auto-update on Wed Apr 23 01:56:37 UTC 2025
Auto-update on Thu Apr 24 01:57:06 UTC 2025
Auto-update on Fri Apr 25 01:57:53 UTC 2025
Auto-update on Sat Apr 26 01:53:18 UTC 2025
Auto-update on Sun Apr 27 02:02:57 UTC 2025
Auto-update on Mon Apr 28 02:00:56 UTC 2025
Auto-update on Tue Apr 29 01:58:17 UTC 2025
Auto-update on Wed Apr 30 01:57:59 UTC 2025
Auto-update on Thu May  1 02:07:11 UTC 2025
Auto-update on Fri May  2 01:58:44 UTC 2025
Auto-update on Sat May  3 01:55:53 UTC 2025
Auto-update on Sun May  4 02:08:11 UTC 2025
Auto-update on Mon May  5 02:03:12 UTC 2025
Auto-update on Tue May  6 01:59:29 UTC 2025
Auto-update on Wed May  7 02:00:14 UTC 2025
Auto-update on Thu May  8 02:01:13 UTC 2025
Auto-update on Fri May  9 01:59:56 UTC 2025
Auto-update on Sat May 10 01:55:24 UTC 2025
Auto-update on Sun May 11 02:06:15 UTC 2025
Auto-update on Mon May 12 02:04:10 UTC 2025
Auto-update on Tue May 13 02:01:37 UTC 2025
Auto-update on Wed May 14 02:00:19 UTC 2025
Auto-update on Thu May 15 01:58:57 UTC 2025
Auto-update on Fri May 16 02:01:44 UTC 2025
Auto-update on Sat May 17 01:58:07 UTC 2025
Auto-update on Sun May 18 02:07:55 UTC 2025
Auto-update on Mon May 19 02:06:35 UTC 2025
Auto-update on Tue May 20 02:02:20 UTC 2025
Auto-update on Wed May 21 02:01:59 UTC 2025
Auto-update on Thu May 22 02:01:32 UTC 2025
Auto-update on Fri May 23 02:01:14 UTC 2025
Auto-update on Sat May 24 01:56:44 UTC 2025
Auto-update on Sun May 25 02:10:32 UTC 2025
Auto-update on Mon May 26 02:05:07 UTC 2025
Auto-update on Tue May 27 02:00:19 UTC 2025
Auto-update on Wed May 28 02:02:37 UTC 2025
Auto-update on Thu May 29 02:02:14 UTC 2025
Auto-update on Fri May 30 02:00:10 UTC 2025
Auto-update on Sat May 31 01:59:39 UTC 2025
Auto-update on Sun Jun  1 02:27:04 UTC 2025
Auto-update on Mon Jun  2 02:07:44 UTC 2025
Auto-update on Tue Jun  3 02:04:18 UTC 2025
Auto-update on Wed Jun  4 02:04:18 UTC 2025
Auto-update on Thu Jun  5 02:03:07 UTC 2025
Auto-update on Fri Jun  6 02:02:17 UTC 2025
Auto-update on Sat Jun  7 02:01:42 UTC 2025
Auto-update on Sun Jun  8 02:18:30 UTC 2025
Auto-update on Mon Jun  9 02:10:16 UTC 2025
Auto-update on Tue Jun 10 02:06:09 UTC 2025
Auto-update on Wed Jun 11 02:05:02 UTC 2025
Auto-update on Thu Jun 12 02:03:35 UTC 2025
Auto-update on Fri Jun 13 02:05:02 UTC 2025
Auto-update on Sat Jun 14 02:00:29 UTC 2025
Auto-update on Sun Jun 15 02:20:27 UTC 2025
Auto-update on Mon Jun 16 02:08:50 UTC 2025
Auto-update on Tue Jun 17 02:05:26 UTC 2025
Auto-update on Wed Jun 18 02:04:29 UTC 2025
Auto-update on Thu Jun 19 02:05:19 UTC 2025
Auto-update on Fri Jun 20 02:04:25 UTC 2025
Auto-update on Sat Jun 21 02:02:12 UTC 2025
Auto-update on Sun Jun 22 02:20:12 UTC 2025
Auto-update on Mon Jun 23 02:18:14 UTC 2025
Auto-update on Tue Jun 24 02:06:05 UTC 2025
Auto-update on Wed Jun 25 02:06:27 UTC 2025
Auto-update on Thu Jun 26 02:05:25 UTC 2025
Auto-update on Fri Jun 27 02:06:18 UTC 2025
Auto-update on Sat Jun 28 02:01:44 UTC 2025
Auto-update on Sun Jun 29 02:22:37 UTC 2025
Auto-update on Mon Jun 30 02:11:20 UTC 2025
Auto-update on Tue Jul  1 02:23:41 UTC 2025
Auto-update on Wed Jul  2 02:05:50 UTC 2025
Auto-update on Thu Jul  3 02:06:14 UTC 2025
Auto-update on Fri Jul  4 02:05:34 UTC 2025
Auto-update on Sat Jul  5 02:01:29 UTC 2025
Auto-update on Sun Jul  6 02:21:09 UTC 2025
Auto-update on Mon Jul  7 02:12:06 UTC 2025
Auto-update on Tue Jul  8 02:06:50 UTC 2025
Auto-update on Wed Jul  9 02:08:20 UTC 2025
Auto-update on Thu Jul 10 02:08:33 UTC 2025
Auto-update on Fri Jul 11 02:11:06 UTC 2025
Auto-update on Sat Jul 12 02:11:38 UTC 2025
Auto-update on Sun Jul 13 02:25:59 UTC 2025
Auto-update on Mon Jul 14 02:21:26 UTC 2025
Auto-update on Tue Jul 15 02:21:08 UTC 2025
Auto-update on Wed Jul 16 02:15:47 UTC 2025
Auto-update on Thu Jul 17 02:18:26 UTC 2025
Auto-update on Fri Jul 18 02:19:57 UTC 2025
Auto-update on Sat Jul 19 02:08:02 UTC 2025
Auto-update on Sun Jul 20 02:28:20 UTC 2025
Auto-update on Mon Jul 21 02:25:01 UTC 2025
Auto-update on Tue Jul 22 02:19:18 UTC 2025
Auto-update on Wed Jul 23 02:20:28 UTC 2025
Auto-update on Thu Jul 24 02:19:23 UTC 2025
Auto-update on Fri Jul 25 02:19:05 UTC 2025
Auto-update on Sat Jul 26 02:09:37 UTC 2025
Auto-update on Sun Jul 27 02:29:19 UTC 2025
Auto-update on Mon Jul 28 02:26:06 UTC 2025
Auto-update on Tue Jul 29 02:31:10 UTC 2025
Auto-update on Wed Jul 30 02:22:37 UTC 2025
Auto-update on Thu Jul 31 02:21:53 UTC 2025
Auto-update on Fri Aug  1 02:33:09 UTC 2025
Auto-update on Sat Aug  2 02:10:19 UTC 2025
Auto-update on Sun Aug  3 02:31:41 UTC 2025
Auto-update on Mon Aug  4 02:31:11 UTC 2025
Auto-update on Tue Aug  5 02:24:54 UTC 2025
Auto-update on Wed Aug  6 02:23:13 UTC 2025
Auto-update on Thu Aug  7 02:23:32 UTC 2025
Auto-update on Fri Aug  8 02:23:18 UTC 2025
Auto-update on Sat Aug  9 02:05:30 UTC 2025
Auto-update on Sun Aug 10 02:27:05 UTC 2025
Auto-update on Mon Aug 11 02:23:05 UTC 2025
Auto-update on Tue Aug 12 02:04:58 UTC 2025
Auto-update on Wed Aug 13 02:06:33 UTC 2025
Auto-update on Thu Aug 14 02:07:15 UTC 2025
Auto-update on Fri Aug 15 02:07:51 UTC 2025
Auto-update on Sat Aug 16 02:01:47 UTC 2025
Auto-update on Sun Aug 17 02:19:38 UTC 2025
Auto-update on Mon Aug 18 02:19:54 UTC 2025
Auto-update on Tue Aug 19 02:00:51 UTC 2025
Auto-update on Wed Aug 20 01:59:14 UTC 2025
Auto-update on Thu Aug 21 01:57:30 UTC 2025
Auto-update on Fri Aug 22 01:58:24 UTC 2025
Auto-update on Sat Aug 23 01:54:11 UTC 2025
Auto-update on Sun Aug 24 02:09:13 UTC 2025
Auto-update on Mon Aug 25 02:03:13 UTC 2025
Auto-update on Tue Aug 26 01:59:23 UTC 2025
Auto-update on Wed Aug 27 01:55:32 UTC 2025
Auto-update on Thu Aug 28 01:54:39 UTC 2025
Auto-update on Fri Aug 29 01:54:47 UTC 2025
Auto-update on Sat Aug 30 01:49:08 UTC 2025
Auto-update on Sun Aug 31 02:00:31 UTC 2025
Auto-update on Mon Sep  1 02:10:54 UTC 2025
Auto-update on Tue Sep  2 01:56:40 UTC 2025
Auto-update on Wed Sep  3 01:48:40 UTC 2025
Auto-update on Thu Sep  4 01:49:16 UTC 2025
Auto-update on Fri Sep  5 01:52:00 UTC 2025
Auto-update on Sat Sep  6 01:48:58 UTC 2025
Auto-update on Sun Sep  7 01:58:00 UTC 2025
Auto-update on Mon Sep  8 01:57:42 UTC 2025
Auto-update on Tue Sep  9 01:53:40 UTC 2025
Auto-update on Wed Sep 10 01:49:41 UTC 2025
Auto-update on Thu Sep 11 01:53:01 UTC 2025
Auto-update on Fri Sep 12 01:48:32 UTC 2025
Auto-update on Sat Sep 13 01:43:51 UTC 2025
Auto-update on Sun Sep 14 01:57:08 UTC 2025
Auto-update on Mon Sep 15 01:58:49 UTC 2025
Auto-update on Tue Sep 16 01:49:44 UTC 2025
Auto-update on Wed Sep 17 01:49:36 UTC 2025
Auto-update on Thu Sep 18 01:49:39 UTC 2025
Auto-update on Fri Sep 19 01:53:15 UTC 2025
Auto-update on Sat Sep 20 01:47:55 UTC 2025
Auto-update on Sun Sep 21 02:00:46 UTC 2025
Auto-update on Mon Sep 22 02:00:44 UTC 2025
Auto-update on Tue Sep 23 01:50:29 UTC 2025
Auto-update on Wed Sep 24 01:52:05 UTC 2025
Auto-update on Thu Sep 25 01:53:01 UTC 2025
Auto-update on Fri Sep 26 01:52:11 UTC 2025
Auto-update on Sat Sep 27 01:47:39 UTC 2025
Auto-update on Sun Sep 28 02:01:31 UTC 2025
Auto-update on Mon Sep 29 01:55:19 UTC 2025
Auto-update on Tue Sep 30 01:50:02 UTC 2025
Auto-update on Wed Oct  1 02:02:45 UTC 2025
Auto-update on Thu Oct  2 01:50:36 UTC 2025
Auto-update on Fri Oct  3 01:49:56 UTC 2025
Auto-update on Sat Oct  4 01:46:12 UTC 2025
Auto-update on Sun Oct  5 02:00:47 UTC 2025
Auto-update on Mon Oct  6 01:53:28 UTC 2025
Auto-update on Tue Oct  7 01:50:57 UTC 2025
Auto-update on Wed Oct  8 01:51:03 UTC 2025
Auto-update on Thu Oct  9 01:52:08 UTC 2025
Auto-update on Fri Oct 10 01:52:42 UTC 2025
Auto-update on Sat Oct 11 01:47:49 UTC 2025
Auto-update on Sun Oct 12 01:56:24 UTC 2025
Auto-update on Mon Oct 13 01:59:55 UTC 2025
Auto-update on Tue Oct 14 01:53:00 UTC 2025
Auto-update on Wed Oct 15 01:56:02 UTC 2025
Auto-update on Thu Oct 16 01:54:41 UTC 2025
Auto-update on Fri Oct 17 01:53:17 UTC 2025
Auto-update on Sat Oct 18 01:48:23 UTC 2025
Auto-update on Sun Oct 19 02:06:13 UTC 2025
Auto-update on Mon Oct 20 02:03:11 UTC 2025
Auto-update on Tue Oct 21 01:56:39 UTC 2025
Auto-update on Wed Oct 22 01:59:57 UTC 2025
Auto-update on Thu Oct 23 01:55:33 UTC 2025
Auto-update on Fri Oct 24 01:51:22 UTC 2025
Auto-update on Sat Oct 25 01:53:12 UTC 2025
Auto-update on Sun Oct 26 02:02:17 UTC 2025
Auto-update on Mon Oct 27 02:06:29 UTC 2025
Auto-update on Tue Oct 28 01:55:44 UTC 2025
Auto-update on Wed Oct 29 02:03:02 UTC 2025
Auto-update on Thu Oct 30 02:02:08 UTC 2025
Auto-update on Fri Oct 31 01:58:55 UTC 2025
Auto-update on Sat Nov  1 02:02:36 UTC 2025
Auto-update on Sun Nov  2 02:05:18 UTC 2025
Auto-update on Mon Nov  3 02:04:21 UTC 2025
Auto-update on Tue Nov  4 01:59:31 UTC 2025
Auto-update on Wed Nov  5 02:00:50 UTC 2025
Auto-update on Thu Nov  6 02:01:01 UTC 2025
Auto-update on Fri Nov  7 01:59:22 UTC 2025
Auto-update on Sat Nov  8 01:53:24 UTC 2025
Auto-update on Sun Nov  9 02:04:09 UTC 2025
Auto-update on Mon Nov 10 02:05:32 UTC 2025
Auto-update on Tue Nov 11 02:01:37 UTC 2025
Auto-update on Wed Nov 12 02:00:38 UTC 2025
Auto-update on Thu Nov 13 02:02:48 UTC 2025
Auto-update on Fri Nov 14 02:01:21 UTC 2025
Auto-update on Sat Nov 15 01:57:02 UTC 2025
Auto-update on Sun Nov 16 02:07:11 UTC 2025
Auto-update on Mon Nov 17 02:02:30 UTC 2025
Auto-update on Tue Nov 18 02:00:27 UTC 2025
Auto-update on Wed Nov 19 02:00:19 UTC 2025
Auto-update on Thu Nov 20 01:58:54 UTC 2025
Auto-update on Fri Nov 21 01:59:43 UTC 2025
Auto-update on Sat Nov 22 01:55:53 UTC 2025
Auto-update on Sun Nov 23 02:20:38 UTC 2025
Auto-update on Mon Nov 24 02:08:45 UTC 2025
Auto-update on Tue Nov 25 02:01:58 UTC 2025
Auto-update on Wed Nov 26 02:02:17 UTC 2025
Auto-update on Thu Nov 27 01:59:37 UTC 2025
Auto-update on Fri Nov 28 01:59:21 UTC 2025
Auto-update on Sat Nov 29 01:59:14 UTC 2025
Auto-update on Sun Nov 30 02:19:15 UTC 2025
Auto-update on Mon Dec  1 02:28:02 UTC 2025
Auto-update on Tue Dec  2 02:04:12 UTC 2025
Auto-update on Wed Dec  3 02:03:32 UTC 2025
Auto-update on Thu Dec  4 02:04:49 UTC 2025
Auto-update on Fri Dec  5 02:05:08 UTC 2025
Auto-update on Sat Dec  6 01:58:20 UTC 2025
Auto-update on Sun Dec  7 02:20:05 UTC 2025
Auto-update on Mon Dec  8 02:06:10 UTC 2025
Auto-update on Tue Dec  9 02:04:47 UTC 2025
Auto-update on Wed Dec 10 02:06:59 UTC 2025
Auto-update on Thu Dec 11 02:08:28 UTC 2025
Auto-update on Fri Dec 12 02:08:20 UTC 2025
Auto-update on Sat Dec 13 02:01:27 UTC 2025
Auto-update on Sun Dec 14 02:20:53 UTC 2025
Auto-update on Mon Dec 15 02:14:41 UTC 2025
Auto-update on Tue Dec 16 02:09:05 UTC 2025
Auto-update on Wed Dec 17 02:04:04 UTC 2025
Auto-update on Thu Dec 18 02:04:44 UTC 2025
Auto-update on Fri Dec 19 02:07:53 UTC 2025
Auto-update on Sat Dec 20 02:01:15 UTC 2025
Auto-update on Sun Dec 21 02:20:58 UTC 2025
Auto-update on Mon Dec 22 02:19:49 UTC 2025
Auto-update on Tue Dec 23 02:09:05 UTC 2025
Auto-update on Wed Dec 24 02:07:08 UTC 2025
Auto-update on Thu Dec 25 02:09:20 UTC 2025
Auto-update on Fri Dec 26 02:08:19 UTC 2025
Auto-update on Sat Dec 27 02:06:01 UTC 2025
Auto-update on Sun Dec 28 02:26:48 UTC 2025
Auto-update on Mon Dec 29 02:24:41 UTC 2025
Auto-update on Tue Dec 30 02:09:52 UTC 2025
Auto-update on Wed Dec 31 02:10:18 UTC 2025
Auto-update on Thu Jan  1 02:27:16 UTC 2026
Auto-update on Fri Jan  2 02:11:51 UTC 2026
Auto-update on Sat Jan  3 02:05:16 UTC 2026
Auto-update on Sun Jan  4 02:28:48 UTC 2026
Auto-update on Mon Jan  5 02:28:09 UTC 2026
Auto-update on Tue Jan  6 02:11:46 UTC 2026
Auto-update on Wed Jan  7 02:11:30 UTC 2026
Auto-update on Thu Jan  8 02:11:26 UTC 2026
Auto-update on Fri Jan  9 02:18:33 UTC 2026
